destination,original
mail.google.com,gmail.com
www.jne.co.id,www.jne.co.id
www.droneindonesia.com,www.droneindonesia.com/shop
drive.google.com,drive.google.com
www.serbamurahonline.com,serbamurahonline.com
www.yahoo.com,yahoo.com
lexoir.com,lexoir.com
ecs7.tokopedia.net,ecs7.tokopedia.net
postimage.org,s32.postimg.org
www.facebook.com,www.facebook.com
shopee.co.id,shopee.co.id/beetlegarage
agrabutik.com,agrabutik.com
kiosindo.com,www.kiosindo.com
goo.gl,goo.gl
07.no,gan.no
youtu.be,youtu.be
rimastech.com,rimastech.com
loop.co.id,loop.co.id
www.ptncs.co.id,www.ptncs.co.id
www.mataharimall.com,mataharimall.com
www.wahana.com,www.wahana.com
tinypic.com,oi66.tinypic.com
www.youtube.com,www.youtube.com
www.blibli.com,blibli.com
bandungjersey.com,www.bandungjersey.com/topi-2/
www.jaksa.si,jaksa.si
www.iezvu.com,iezvu.com
mutiara-prakarsa.com,mutiara-prakarsa.com
www.bukalapak.com,www.bukalapak.com
www.pusatjamtanganmurah.com,www.pusatjamtanganmurah.com/cekresi
www.instagram.com,www.instagram.com
tiki-online.com,tiki-online.com
www.mamahziezie.id,mamahziezie.id
chaxun.mi.com,chaxun.xiaomi.com
salmanmn8.blogspot.com,salmanmn8.blogspot.com
www.xbitlabs.com,www.xbitlabs.com
www.cekresi.com,www.cekresi.com
m.bukalapak.com,m.bukalapak.com
ibin.co,ibin.co
theme-id.com,theme-id.com/theme/wp-agen-theme
enter.id,enter.id
www.google.com,www.google.com
www.kaskus.co.id,bit.ly/wellyerskaskusfjb
exspedisincs.weebly.com,exspedisincs.weebly.com
mail.live.com,hotmail.com
www.tp-link.co.id,tp-link.co.id
www1.miwifi.com,www1.miwifi.com/app_download.html
tepungsagu.com,tepungsagu.com
www.vaporfi.com,www.vaporfi.com
www.martinmelchior.be,www.martinmelchior.be
areahp.com,areahp.com
www.posindonesia.co.id,www.posindonesia.co.id
cpro.baidu.com,aja.pink
gadoga.com,gadoga.com
www.aliexpress.com,www.aliexpress.com
jet.co.id,jet.co.id
k.mba,k.mba
b.is,b.is
line.me,line.me
phonemarket.co.id,phonemarket.co.id
www.klik4jovem.com,www.klik4jovem.com
www.dusdusan.com,dusdusan.com
pestadiskon.com,pestadiskon.com
forum.pestadiskon.com,forum.pestadiskon.com
www.sendspace.com,www.sendspace.com
www.dakotacargo.co.id,www.dakotacargo.co.id
mba.mba,mba.mba
mail.ru,mail.ru
in.yahoo.com,yahoo.co.in
mail.yahoo.com,ymail.com
id.yahoo.com,yahoo.co.id
live.com,live.com
tri.blackberry.com,tri.blackberry.com
tokomainan.co.id,tokomainan.co.id
www.outlook.com,outlook.com
au.yahoo.com,yahoo.com.au
bungkuz.com,bungkuz.com
jupistore.com,jupistore.com
www.68ecommerce.com,68ecommerce.com
fixprint.net,fixprint.net
uk.yahoo.com,yahoo.co.uk
wishcomputer.net,wishcomputer.net
kogara.com,kogara.com
creamhn.web.id,creamhn.web.id
abipro.co.id,abipro.co.id
www.ferrox.se,ferrox.com
www.icloud.com,icloud.com
gamil.com,gamil.com
cuvox.de,cuvox.de
soisz.com,soisz.com
www.saqina.com,saqina.com
kadae.com,kadae.com
www.cih168.com,cih168.com
malindoimaging.com,malindoimaging.com
sg.yahoo.com,yahoo.com.sg
hptocall.com,hptocall.com
www.klikteknik.com,klikteknik.com
moremall.tv,moremall.tv
oharaindonesia.com,oharaindonesia.com
innofoto.com,innofoto.co.id
langsungbelanja.co.id,langsungbelanja.co.id
promoimportir.com,promoimportir.com
toko-smileykids.com,toko-smileykids.com
tokosuplemenonlineku.com,tokosuplemenonlineku.com
dayrep.com,dayrep.com
yuroffer.com,yuroffer.com
oilgas-parts.com,oilgas-parts.com
www.twlcosmetics.com,www.twlcosmetics.com
vintaco.com,vintaco.com
w.bupak.com,w.bupak.com
cekresi.com,cekresi.com
fjb.m.kaskus.co.id,fjb.m.kaskus.co.id
hidari-shop.com,hidari-shop.com
i00.i.aliimg.com,i00.i.aliimg.com
img.danawa.com,img.danawa.com
modifmotor1.com,modifmotor1.com
outlive-shop.com,outlive-shop.com
pastebin.com,pastebin.com
postimg.org,postimg.org
www.buak.com,www.buak.com
www.dropbox.com,www.dropbox.com
www.epson.co.uk,www.epson.co.uk
www.google.co.id,www.google.co.id
www.mediafire.com,www.mediafire.com
www.drivestar.biz,www.drivestar.biz
www.myrcmart.com,www.myrcmart.com
www.semprotku.com,www.semprotku.com
www.tirashop.com,www.tirashop.com
www.tp-link.com,www.tp-link.com
kaospolospamulang.co.id,kaospolospamulang.co.id
www.pom.go.id,www.pom.go.id
www.serena-store.com,www.serena-store.com
fjb.kaskus.co.id,fjb.kaskus.co.id
www.planetdistro96.com,www.planetdistro96.com
www.tokopedia.com,tokopedia.com
www.jacketbb.com,www.jacketbb.com
y.mw,y.mw
www.rodyshop.com,rodyshop.com
indahcargoexpress.com,indahcargoexpress.com/ice/
cnindonesia.com,cnindonesia.com
www.moment2u.com,www.moment2u.com
ni.no,ni.no
watt.ga,watt.ga
goolali.co.id,www.goolali.com
www.geforce.com,geforce.com
www.jasapatung.com,www.jasapatung.com
www.atozfamilystore.com,www.atozfamilystore.com
facebook.com,facebook.com/sun.center.indonesia
www.kaspersky.com,www.kaspersky.com
cybernusantara.com,cybernusantara.com
mobile.wahana.com,mobile.wahana.com
dgn.no,dgn.no
adf.ly,adf.ly
www.basenet-online.net,basenet-online.net
www.bursakameraprofesional.co.id,www.bursakameraprofesional.co.id
jual-mainan.com,jual-mainan.com
materialbahanbangunan.com,materialbahanbangunan.com
dropship.ga,dropship.ga
lengkap.ga,lengkap.ga
uni-trend.com,uni-trend.com
play.google.com,play.google.com
www.lexoir.com,www.lexoir.com
www.sicepat.com,www.sicepat.com
www.elinivana.com,www.elinivana.com
www.pandulogistics.com,www.pandulogistics.com
www.pahalaexpress.co.id,www.pahalaexpress.co.id
unlockit.co.nz,unlockit.co.nz
www.image.org,www.image.org
agri.com,agri.com
mahkotadewa.com,mahkotadewa.com
biogreenscience.com,biogreenscience.com
sicepat.com,sicepat.com/cek-resi
buanalautanmas.com,buanalautanmas.com
www.ikea.com,www.ikea.com
mynewblogreyhan.blogspot.co.id,mynewblogreyhan.blogspot.co.id
www.lazada.co.id,www.lazada.co.id
www.t.glass,t.glass
www.dextmall.com,www.dextmall.com
www.gppag.de,gpp.info
i.imgur.com,i.imgur.com
navigasi.net,navigasi.net
ok.mba,ok.mba
kandangbolasports.com,kandangbolasports.com
www.fixheadphones.co.uk,www.fixheadphones.co.uk
citimami.com,citimami.com
pakaianonline.com,pakaianonline.com
www.miklor.com,www.miklor.com
www.tiki-online.com,www.tiki-online.com
mahal.ga,mahal.ga
multypost.com,multypost.com
bisajuga.com,bisajuga.com
tiket.kereta-api.co.id,tiket.kereta-api.co.id
boss.no,boss.no
www.yahoo.co.jp,yahoo.co.jp
www.abadigrosir.com,www.abadigrosir.com
en.miui.com,en.miui.com
m.ebay.co.uk,m.ebay.co.uk/itm/391284146970
myrcstore.com,myrcstore.com
jethobby.com.sg,jethobby.com.sg
hi.nu,hi.nu
www.kangen-water.id,www.kangen-water.id
www.clea.asia,www.clea.asia
www.jet.co.id,www.jet.co.id
antamgold.com,antamgold.com
dealmedan.com,dealmedan.com
www.dealmedan.com,www.dealmedan.com
www.fitafashionstore.blogspot.com,www.fitafashionstore.blogspot.com
obat-kanker-ampuh.com,www.obat-kanker-ampuh.com
gudanghid.com,gudanghid.com
www.bajumurmer.com,www.bajumurmer.com
www.kantoralamat.net,www.kantoralamat.net
www.bajube.com,www.bajube.com
umijual.com,umijual.com
unhcr.org,unhcr.org
www.indonesia.com,www.indonesia.com/shop
www.tokokainflanel.com,tokokainflanel.com
www.microsoft.com,microsoft.com
lama.ga,lama.ga
pas.in,pas.in
www.9peng.net,pink.cm
www.lautan-luas.com,lautan-luas.com
jne.co.id,jne.co.id
yahoo.com,yaho.com
www.everydayhijab.com,sendaljelly.com
www.toserda.com,www.toserda.com
download.ir,www.download.ir
tdp.co.id,tdp.co.id
m.gsmarena.com,m.gsmarena.com
spinetindo.com,www.spinetindo.com
logaypektay.com,logaypektay.com
brp.kz,brp.kg
www.esl-express.com,www.esl-express.com
www.juragankredit.com,www.juragankredit.com
www.lionparcel.com,www.lionparcel.com
www.shop.007.com,www.shop.007.com/spectre-polo-shirt-online-exclusive
jum.at,jum.at
